"Advertiser name",Category,Manufacturer,"Product code","Product name","Product affiliate link","Product picture","Price with VAT","Price with discount, with VAT","Free shipping","Gift included"
PriveBoutique.net,"Cu volane","Prive Boutique",82719,"Wild Russian Dress",//profitshare.ro/lps/25q/K79/?redirect=https%3A%2F%2Fpriveboutique.net%2Frochii-cu-imprimeu%2Fwild-russian-dress%2F,https://priveboutique.net/wp-content/uploads/2024/08/WhatsApp-Image-2024-08-26-at-02.26.07_d681628b.jpg,399,,0,0
PriveBoutique.net,Compleuri,"Prive Boutique",80786,"Set Imperial Cape si Temptation dress",//profitshare.ro/lps/25q/K79/?redirect=https%3A%2F%2Fpriveboutique.net%2Fcu-volane%2Fset-imperial-cape-si-temptation-dress%2F,https://priveboutique.net/wp-content/uploads/2024/04/448579094_1136138494279074_4203381078254340314_n.jpg,750,,0,0
PriveBoutique.net,"Cu volane","Prive Boutique",80677,"Rochie cu volane din in",//profitshare.ro/lps/25q/K79/?redirect=https%3A%2F%2Fpriveboutique.net%2Fcu-volane%2Frochie-cu-volane-din-in%2F,https://priveboutique.net/wp-content/uploads/2024/06/448724890_483954524184542_3493023908912020373_n-1.jpg,299,,0,0
PriveBoutique.net,"Cu volane","Prive Boutique",80612,"Hottie Dress",//profitshare.ro/lps/25q/K79/?redirect=https%3A%2F%2Fpriveboutique.net%2Frochii-cu-imprimeu%2Fhottie-dress%2F,https://priveboutique.net/wp-content/uploads/2024/06/Hottie-dress-3.jpg,449,,0,0
PriveBoutique.net,rochii,"Prive Boutique",80648,"Monte Carlo din In",//profitshare.ro/lps/25q/K79/?redirect=https%3A%2F%2Fpriveboutique.net%2Frochii-cu-imprimeu%2Fmonte-carlo-din-in%2F,https://priveboutique.net/wp-content/uploads/2024/06/monte-carlo-din-in-7.jpg,299,,0,0
PriveBoutique.net,"Cu volane","Prive Boutique",78554,"Doll Dress",//profitshare.ro/lps/25q/K79/?redirect=https%3A%2F%2Fpriveboutique.net%2Fcu-volane%2Fdoll-dress%2F,https://priveboutique.net/wp-content/uploads/2024/04/DOLL-dress-3-e1713857169854.jpg,449,,0,0
PriveBoutique.net,pantaloni,"Prive Boutique",1901,"Colanti paiete",//profitshare.ro/lps/25q/K79/?redirect=https%3A%2F%2Fpriveboutique.net%2Fsale-reduceri-haine-dama%2Fcolanti-paiete%2F,https://priveboutique.net/wp-content/uploads/2019/04/colanti-paiete.jpg,56,,0,0
PriveBoutique.net,SALE,"Prive Boutique",2471,"Tricou flori",//profitshare.ro/lps/25q/K79/?redirect=https%3A%2F%2Fpriveboutique.net%2Fsale-reduceri-haine-dama%2Ftricou-flori%2F,https://priveboutique.net/wp-content/uploads/2019/04/tricou-flori-alt-8-e1699346382135.jpg,49,,0,0
PriveBoutique.net,rochii,"Prive Boutique",2018,"Rochie cardigan de vara",//profitshare.ro/lps/25q/K79/?redirect=https%3A%2F%2Fpriveboutique.net%2Fsale-reduceri-haine-dama%2Frochie-cardigan-de-vara%2F,https://priveboutique.net/wp-content/uploads/2019/04/rochie-cardigan-de-vara-alt-5.jpg,89,,0,0
PriveBoutique.net,pantaloni,"Prive Boutique",2553,"Pantaloni dantela cu tur lasat",//profitshare.ro/lps/25q/K79/?redirect=https%3A%2F%2Fpriveboutique.net%2Fsale-reduceri-haine-dama%2Fpantaloni-dantela-cu-tur-lasat%2F,https://priveboutique.net/wp-content/uploads/2019/04/pantaloni-dantela-cu-tur-lasat-alt-5.jpg,59,,0,0
PriveBoutique.net,rochii,"Prive Boutique",3221,"Rochie cu volane si portjartier",//profitshare.ro/lps/25q/K79/?redirect=https%3A%2F%2Fpriveboutique.net%2Fcu-volane%2Frochie-cu-volane-si-portjartier%2F,https://priveboutique.net/wp-content/uploads/2021/12/263181136_960260734578714_8331322327526860425_n.jpg,349,,0,0
PriveBoutique.net,"Card cadou","Prive Boutique",30599,"Prive V.I.P Card",//profitshare.ro/lps/25q/K79/?redirect=https%3A%2F%2Fpriveboutique.net%2Fcard-cadou%2Fcard-cadou%2F,https://priveboutique.net/wp-content/uploads/2019/12/card.jpg,100,,0,0
PriveBoutique.net,rochii,"Prive Boutique",20441,"Rochie Ioana",//profitshare.ro/lps/25q/K79/?redirect=https%3A%2F%2Fpriveboutique.net%2Fcu-volane%2Frochie-ioana%2F,https://priveboutique.net/wp-content/uploads/2021/12/263308155_635602041134395_4948260761908303098_n.jpg,399,,0,0
PriveBoutique.net,rochii,"Prive Boutique",32400,"Sugar Dress",//profitshare.ro/lps/25q/K79/?redirect=https%3A%2F%2Fpriveboutique.net%2Fcu-volane%2Fsugar-dress%2F,https://priveboutique.net/wp-content/uploads/2021/12/261666657_1084757575610144_4840879081215909983_n.jpg,449,,0,0
PriveBoutique.net,rochii,"Prive Boutique",3225-1,"Rochie dantela cu volane",//profitshare.ro/lps/25q/K79/?redirect=https%3A%2F%2Fpriveboutique.net%2Fcu-volane%2Frochie-dantela-cu-volane-2%2F,https://priveboutique.net/wp-content/uploads/2024/04/Rochie-din-dantela-cu-volane.jpg,399,,0,0
PriveBoutique.net,"Cu volane","Prive Boutique",35185,"Russian style black white",//profitshare.ro/lps/25q/K79/?redirect=https%3A%2F%2Fpriveboutique.net%2Fcu-volane%2Frussian-style-black-white%2F,https://priveboutique.net/wp-content/uploads/2020/08/russian-style-black-and-white-6.jpg,389,,0,0
PriveBoutique.net,"Cu volane","Prive Boutique",37324,"Rochie cu volane din piele",//profitshare.ro/lps/25q/K79/?redirect=https%3A%2F%2Fpriveboutique.net%2Fcu-volane%2Frochie-cu-volane-din-piele%2F,https://priveboutique.net/wp-content/uploads/2021/01/IMG_6211.jpeg,450,,0,0
PriveBoutique.net,rochii,"Prive Boutique",38270,"Sugar daddy`s funeral vibes",//profitshare.ro/lps/25q/K79/?redirect=https%3A%2F%2Fpriveboutique.net%2Frochii-mulate%2Fsugar-daddys-funeral-vibes%2F,https://priveboutique.net/wp-content/uploads/2021/03/SD-FV.jpg,399,,0,0
PriveBoutique.net,"Cu volane","Prive Boutique",39431,"Shiny Russian",//profitshare.ro/lps/25q/K79/?redirect=https%3A%2F%2Fpriveboutique.net%2Frochii-cu-imprimeu%2Fshiny-russian%2F,https://priveboutique.net/wp-content/uploads/2021/04/174620834_315510766596546_1742821315934505009_n-2-e1618904388273.jpeg,299,,0,0
PriveBoutique.net,"Cu volane","Prive Boutique",44572,"Princess dress",//profitshare.ro/lps/25q/K79/?redirect=https%3A%2F%2Fpriveboutique.net%2Frochii-cu-imprimeu%2Fprincess-dress%2F,https://priveboutique.net/wp-content/uploads/2021/08/240782930_919729671954270_2436201018952999087_n.jpg,349,,0,0
PriveBoutique.net,"Cu volane","Prive Boutique",45585,"Meet his father",//profitshare.ro/lps/25q/K79/?redirect=https%3A%2F%2Fpriveboutique.net%2Fcu-volane%2Fmeet-his-father%2F,https://priveboutique.net/wp-content/uploads/2021/09/240817244_223368763136431_79214027118801521_n.jpg,319,,0,0
PriveBoutique.net,"Cu volane","Prive Boutique",47961,"Ruffle dress NEGRU",//profitshare.ro/lps/25q/K79/?redirect=https%3A%2F%2Fpriveboutique.net%2Fcu-volane%2Fruffle-dress-negru%2F,https://priveboutique.net/wp-content/uploads/2021/12/262789917_921743125403678_2912286576894842796_n.jpg,399,,0,0
PriveBoutique.net,"Cu volane","Prive Boutique",57323,"Butterfly cu volane",//profitshare.ro/lps/25q/K79/?redirect=https%3A%2F%2Fpriveboutique.net%2Fcu-volane%2Fbutterfly-cu-volane%2F,https://priveboutique.net/wp-content/uploads/2022/10/306014027_1072703516751954_4363448266570256088_n.jpg,489,,0,0
PriveBoutique.net,"Cu volane","Prive Boutique",57334,"RUFFLE PART 2 DRESS",//profitshare.ro/lps/25q/K79/?redirect=https%3A%2F%2Fpriveboutique.net%2Fcu-volane%2Fruffle-part-2-dress%2F,https://priveboutique.net/wp-content/uploads/2022/10/312952558_462899329034346_8059540426758220827_n.jpg,399,,0,0
PriveBoutique.net,rochii,"Prive Boutique",57329,"Butterfly dress",//profitshare.ro/lps/25q/K79/?redirect=https%3A%2F%2Fpriveboutique.net%2Frochii-mulate%2Fbutterfly-dress%2F,https://priveboutique.net/wp-content/uploads/2022/10/312103844_814214489838000_9017098287788471423_n.jpg,369,,0,0
PriveBoutique.net,rochii,"Prive Boutique",57342,"Sugar baby dress",//profitshare.ro/lps/25q/K79/?redirect=https%3A%2F%2Fpriveboutique.net%2Fsale-reduceri-haine-dama%2Fsugar-baby-dress%2F,https://priveboutique.net/wp-content/uploads/2022/10/312749718_876885816627311_2178457854650025970_n.jpg,249,,0,0
PriveBoutique.net,pantaloni,"Prive Boutique",60814,"Pantaloni de piele cu taieturi",//profitshare.ro/lps/25q/K79/?redirect=https%3A%2F%2Fpriveboutique.net%2Fsale-reduceri-haine-dama%2Fpantaloni-de-piele-cu-taieturi%2F,https://priveboutique.net/wp-content/uploads/2023/01/306529062_854901449029741_993949510196756023_n.jpg,199,,0,0
PriveBoutique.net,rochii,"Prive Boutique",57352,"Pretty baby dress",//profitshare.ro/lps/25q/K79/?redirect=https%3A%2F%2Fpriveboutique.net%2Frochii-mulate%2Fpretty-baby-dress%2F,https://priveboutique.net/wp-content/uploads/2022/10/312929543_780886723212660_2881421026183463323_n-1.jpg,389,,0,0
PriveBoutique.net,pantaloni,"Prive Boutique",60835,"Pantaloni cu snur si buzunare",//profitshare.ro/lps/25q/K79/?redirect=https%3A%2F%2Fpriveboutique.net%2Fsale-reduceri-haine-dama%2Fpantaloni-cu-snur-si-buzunare%2F,https://priveboutique.net/wp-content/uploads/2023/01/312636117_459912042977437_9048115468491469860_n.jpg,249,,0,0
PriveBoutique.net,"Cu volane","Prive Boutique",60844,"Rochie cu pene la maneci si volane",//profitshare.ro/lps/25q/K79/?redirect=https%3A%2F%2Fpriveboutique.net%2Fcu-volane%2Frochie-cu-pene-la-maneci-si-volane%2F,https://priveboutique.net/wp-content/uploads/2023/01/380543647_2697446597060355_3120969620207008844_n.jpg,449,,0,0
PriveBoutique.net,"Cu volane","Prive Boutique",61772,"Butterfly cu volane ALB",//profitshare.ro/lps/25q/K79/?redirect=https%3A%2F%2Fpriveboutique.net%2Fcu-volane%2Fbutterfly-cu-volane-alb%2F,https://priveboutique.net/wp-content/uploads/2023/02/ROCHIE-ALBA-CU-3-VOLANE-MANECI-LUNGI-SI-DECUPAJE-LA-DECOLTEU-FATA-1.jpg,449,,0,0
PriveBoutique.net,rochii,"Prive Boutique",61763,"Butterfly roz pudra",//profitshare.ro/lps/25q/K79/?redirect=https%3A%2F%2Fpriveboutique.net%2Fsale-reduceri-haine-dama%2Fbutterfly-roz-pudra%2F,https://priveboutique.net/wp-content/uploads/2023/02/ROCHIE-MIDI-ROZ-PUDRA-CU-DECUPAJE-LA-DECOLTEU-SI-MANECI-BUFANTE-FATA.jpg,299,,0,0
PriveBoutique.net,"Cu volane","Prive Boutique",62997,"White Ruffle Dress",//profitshare.ro/lps/25q/K79/?redirect=https%3A%2F%2Fpriveboutique.net%2Frochii-cu-imprimeu%2Fwhite-ruffle-dress%2F,https://priveboutique.net/wp-content/uploads/2023/03/336537960_770060738023773_1258892798589102390_n.jpg,399,,0,0
PriveBoutique.net,"Cu volane","Prive Boutique",63002,"Russian Dress Cu Flori",//profitshare.ro/lps/25q/K79/?redirect=https%3A%2F%2Fpriveboutique.net%2Frochii-cu-imprimeu%2Frussian-dress-cu-flori%2F,https://priveboutique.net/wp-content/uploads/2023/03/336376032_1617434045409224_8488984024733522247_n.jpg,299,,0,0
PriveBoutique.net,"Cu volane","Prive Boutique",63013,"Perfect Pink Princess",//profitshare.ro/lps/25q/K79/?redirect=https%3A%2F%2Fpriveboutique.net%2Fcu-volane%2Fperfect-pink-princess%2F,https://priveboutique.net/wp-content/uploads/2023/03/334481636_215599521010615_7806687896410533239_n.jpg,479,,0,0
PriveBoutique.net,"Cu volane","Prive Boutique",63024,"Limited Edition Print Dress",//profitshare.ro/lps/25q/K79/?redirect=https%3A%2F%2Fpriveboutique.net%2Frochii-cu-imprimeu%2Flimited-edition-print-dress%2F,https://priveboutique.net/wp-content/uploads/2023/03/336215609_3035677936734161_8099683372513909303_n.jpg,299,,0,0
PriveBoutique.net,"Cu volane","Prive Boutique",63261,"Hot Pink Russian Dress",//profitshare.ro/lps/25q/K79/?redirect=https%3A%2F%2Fpriveboutique.net%2Fcu-volane%2Fhot-pink-russian-dress%2F,https://priveboutique.net/wp-content/uploads/2023/03/335974110_1147664775900426_567618013315180256_n.jpg,469,,0,0
PriveBoutique.net,"Cu volane","Prive Boutique",63374,"Queen dress",//profitshare.ro/lps/25q/K79/?redirect=https%3A%2F%2Fpriveboutique.net%2Fcu-volane%2Fqueen-dress%2F,https://priveboutique.net/wp-content/uploads/2023/03/336594473_8988172231255270_8630313776377138604_n.jpg,379,,0,0
PriveBoutique.net,"Cu volane","Prive Boutique",63401,"Cut Out Dress",//profitshare.ro/lps/25q/K79/?redirect=https%3A%2F%2Fpriveboutique.net%2Fcu-volane%2Fcut-out-dress%2F,https://priveboutique.net/wp-content/uploads/2023/03/336398449_1254317135171021_4669181666999335550_n-1.jpg,369,,0,0
PriveBoutique.net,"Cu volane","Prive Boutique",63428,"Baby Girl Dress",//profitshare.ro/lps/25q/K79/?redirect=https%3A%2F%2Fpriveboutique.net%2Fcu-volane%2Fbaby-girl-dress%2F,https://priveboutique.net/wp-content/uploads/2023/03/baby-girl-dress-3.jpg,299,,0,0
PriveBoutique.net,"Cu volane","Prive Boutique",68312,"Russian dress din IN",//profitshare.ro/lps/25q/K79/?redirect=https%3A%2F%2Fpriveboutique.net%2Fcu-volane%2Frussian-dress-din-in%2F,https://priveboutique.net/wp-content/uploads/2023/07/Russian-dress-din-in-8.jpg,299,,0,0
PriveBoutique.net,"Cu volane","Prive Boutique",68329,"Monte Carlo Dress",//profitshare.ro/lps/25q/K79/?redirect=https%3A%2F%2Fpriveboutique.net%2Fcu-volane%2Fmonte-carlo-dress%2F,https://priveboutique.net/wp-content/uploads/2023/07/Monte-Carlo-Dress-1.jpg,369,,0,0
PriveBoutique.net,"Cu volane","Prive Boutique",71189,"Rochie din lurex cu volane",//profitshare.ro/lps/25q/K79/?redirect=https%3A%2F%2Fpriveboutique.net%2Fcu-volane%2Frochie-din-lurex-cu-volane%2F,https://priveboutique.net/wp-content/uploads/2023/09/379912859_238969942452866_4760932923698823742_n.jpg,299,,0,0
PriveBoutique.net,"Cu volane","Prive Boutique",68338,"Saint tropez Dress",//profitshare.ro/lps/25q/K79/?redirect=https%3A%2F%2Fpriveboutique.net%2Frochii-cu-imprimeu%2Fsaint-tropez-dress%2F,https://priveboutique.net/wp-content/uploads/2023/07/Saint-tropez-dress-3.jpg,299,,0,0
PriveBoutique.net,"Cu volane","Prive Boutique",71178,"Queen B dress",//profitshare.ro/lps/25q/K79/?redirect=https%3A%2F%2Fpriveboutique.net%2Fcu-volane%2Fqueen-b-dress%2F,https://priveboutique.net/wp-content/uploads/2023/09/quenn-bb.jpg,499,,0,0
PriveBoutique.net,rochii,"Prive Boutique",71221,"Rochie Wow Cu spate gol",//profitshare.ro/lps/25q/K79/?redirect=https%3A%2F%2Fpriveboutique.net%2Fsale-reduceri-haine-dama%2Frochie-wow-cu-spate-gol%2F,https://priveboutique.net/wp-content/uploads/2023/09/380652937_853784649749052_8139023931270204735_n.jpg,299,,0,0
PriveBoutique.net,rochii,"Prive Boutique",71404,"Rochie scurta cu cordon",//profitshare.ro/lps/25q/K79/?redirect=https%3A%2F%2Fpriveboutique.net%2Fsale-reduceri-haine-dama%2Frochie-scurta-cu-cordon%2F,https://priveboutique.net/wp-content/uploads/2023/09/380644403_221294963988774_9218878086638590579_n.jpg,249,,0,0
PriveBoutique.net,"Cu volane","Prive Boutique",71429,"Sofia Dress",//profitshare.ro/lps/25q/K79/?redirect=https%3A%2F%2Fpriveboutique.net%2Fcu-volane%2Fsofia-dress%2F,https://priveboutique.net/wp-content/uploads/2023/09/380543631_3584809468457412_3675542247192472032_n.jpg,299,,0,0
PriveBoutique.net,"Cu volane","Prive Boutique",71697,"Back to school Dress",//profitshare.ro/lps/25q/K79/?redirect=https%3A%2F%2Fpriveboutique.net%2Fcu-volane%2Fback-to-school-dress%2F,https://priveboutique.net/wp-content/uploads/2023/10/380482403_7080750025277709_616877546739375777_n-scaled.jpg,299,,0,0
PriveBoutique.net,Compleuri,"Prive Boutique",71706,"Salopeta WOW",//profitshare.ro/lps/25q/K79/?redirect=https%3A%2F%2Fpriveboutique.net%2Fpantaloni-dama%2Fsalopeta-wow%2F,https://priveboutique.net/wp-content/uploads/2023/10/379859405_690395235946509_1781642969528742509_n-e1696602733294.jpg,449,,0,0
PriveBoutique.net,"Cu volane","Prive Boutique",73831,"Wednesday Dress",//profitshare.ro/lps/25q/K79/?redirect=https%3A%2F%2Fpriveboutique.net%2Fcu-volane%2Fwednesday-dress%2F,https://priveboutique.net/wp-content/uploads/2023/11/380628175_857744285736409_174034086168685221_n.jpg,299,,0,0
PriveBoutique.net,rochii,"Prive Boutique",73841,"Bow Dress",//profitshare.ro/lps/25q/K79/?redirect=https%3A%2F%2Fpriveboutique.net%2Frochii-de-club%2Fbow-dress%2F,https://priveboutique.net/wp-content/uploads/2023/11/380531353_210312245384754_6068323381644843645_n.jpg,399,,0,0
PriveBoutique.net,"Cu volane","Prive Boutique",73851,"Rochie cu volane si guler",//profitshare.ro/lps/25q/K79/?redirect=https%3A%2F%2Fpriveboutique.net%2Fcu-volane%2Frochie-cu-volane-si-guler%2F,https://priveboutique.net/wp-content/uploads/2023/11/379663004_840159364425411_2246995170795487199_n.jpg,429,,0,0
PriveBoutique.net,"Cu volane","Prive Boutique",74139,"Elegant Dress",//profitshare.ro/lps/25q/K79/?redirect=https%3A%2F%2Fpriveboutique.net%2Frochii-cu-imprimeu%2Felegant-dress%2F,https://priveboutique.net/wp-content/uploads/2023/12/elegant-dress-6.jpg,429,,0,0
PriveBoutique.net,"Cu volane","Prive Boutique",74148,"Tweed dress cu volane",//profitshare.ro/lps/25q/K79/?redirect=https%3A%2F%2Fpriveboutique.net%2Frochii-cu-imprimeu%2Ftweed-dress-cu-volane%2F,https://priveboutique.net/wp-content/uploads/2023/12/tweed-dress-cu-volane-7.jpg,349,,0,0
PriveBoutique.net,"Cu volane","Prive Boutique",74156,"Party dress",//profitshare.ro/lps/25q/K79/?redirect=https%3A%2F%2Fpriveboutique.net%2Fcu-volane%2Fparty-dress%2F,https://priveboutique.net/wp-content/uploads/2023/12/PARTY-DRESS-4.jpg,299,,0,0
PriveBoutique.net,"Cu volane","Prive Boutique",74162,"Sexy Dress",//profitshare.ro/lps/25q/K79/?redirect=https%3A%2F%2Fpriveboutique.net%2Fcu-volane%2Fsexy-dress%2F,https://priveboutique.net/wp-content/uploads/2023/12/SEXY-DRESS-4.jpg,299,,0,0
PriveBoutique.net,Compleuri,"Prive Boutique",74172,"Compleu WOW",//profitshare.ro/lps/25q/K79/?redirect=https%3A%2F%2Fpriveboutique.net%2Fcu-volane%2Fcompleu-wow%2F,https://priveboutique.net/wp-content/uploads/2023/12/COMPLEU-WOW-4-1.jpg,299,,0,0
PriveBoutique.net,rochii,"Prive Boutique",74163,"Seductive dress",//profitshare.ro/lps/25q/K79/?redirect=https%3A%2F%2Fpriveboutique.net%2Fsale-reduceri-haine-dama%2Fseductive-dress%2F,https://priveboutique.net/wp-content/uploads/2023/12/SEDUCTIVE-DRESS-1.jpg,259,,0,0
PriveBoutique.net,rochii,"Prive Boutique",74177,"Femmale fatale dress",//profitshare.ro/lps/25q/K79/?redirect=https%3A%2F%2Fpriveboutique.net%2Fsale-reduceri-haine-dama%2Ffemmale-fatale-dress%2F,https://priveboutique.net/wp-content/uploads/2023/12/Femmale-fatale-dress-1.jpg,329,,0,0
PriveBoutique.net,"Cu volane","Prive Boutique",76148,"Sarah Dress",//profitshare.ro/lps/25q/K79/?redirect=https%3A%2F%2Fpriveboutique.net%2Fcu-volane%2Fsarah-dress%2F,https://priveboutique.net/wp-content/uploads/2024/02/sarah-dress.jpg,299,,0,0
PriveBoutique.net,"Cu volane","Prive Boutique",76135,"heart dress",//profitshare.ro/lps/25q/K79/?redirect=https%3A%2F%2Fpriveboutique.net%2Fcu-volane%2Fheart-dress%2F,https://priveboutique.net/wp-content/uploads/2024/02/HEART-DRESS-5.jpg,299,,0,0
PriveBoutique.net,"Cu volane","Prive Boutique",76143,"Rochie cu inima si volane",//profitshare.ro/lps/25q/K79/?redirect=https%3A%2F%2Fpriveboutique.net%2Fcu-volane%2Frochie-cu-inima-si-volane%2F,https://priveboutique.net/wp-content/uploads/2024/02/Rochie-cu-inima-si-volane-4.jpg,299,,0,0
PriveBoutique.net,"Cu volane","Prive Boutique",76156,"Ali Dress",//profitshare.ro/lps/25q/K79/?redirect=https%3A%2F%2Fpriveboutique.net%2Fcu-volane%2Fali-dress%2F,https://priveboutique.net/wp-content/uploads/2024/02/423944006_788466189768085_2491980473036330939_n.jpg,399,,0,0
PriveBoutique.net,"Cu volane","Prive Boutique",76159,"Hot dress",//profitshare.ro/lps/25q/K79/?redirect=https%3A%2F%2Fpriveboutique.net%2Frochii-cu-imprimeu%2Fhot-dress%2F,https://priveboutique.net/wp-content/uploads/2024/02/hot-dress-1.jpg,299,,0,0
PriveBoutique.net,"Cu volane","Prive Boutique",76432,"White dress",//profitshare.ro/lps/25q/K79/?redirect=https%3A%2F%2Fpriveboutique.net%2Fcu-volane%2Fwhite-dress%2F,https://priveboutique.net/wp-content/uploads/2024/02/423903912_866256181940994_3773743578654191677_n-1.jpg,399,,0,0
PriveBoutique.net,"Cu volane","Prive Boutique",76612,"PRINCESS CU IMPRIMEU",//profitshare.ro/lps/25q/K79/?redirect=https%3A%2F%2Fpriveboutique.net%2Frochii-cu-imprimeu%2Fprincess-cu-imprimeu%2F,https://priveboutique.net/wp-content/uploads/2024/02/PRINCESS-CU-IMPRIMEU-2.jpg,499,,0,0
PriveBoutique.net,"Cu volane","Prive Boutique",76629,"RUFFLE PRINT",//profitshare.ro/lps/25q/K79/?redirect=https%3A%2F%2Fpriveboutique.net%2Frochii-cu-imprimeu%2Fruffle-print%2F,https://priveboutique.net/wp-content/uploads/2024/02/RUFFLE-PRINT-3.jpg,499,,0,0
PriveBoutique.net,"Cu volane","Prive Boutique",77046,"Russian dress asimetrica",//profitshare.ro/lps/25q/K79/?redirect=https%3A%2F%2Fpriveboutique.net%2Fcu-volane%2Frussian-dress-asimetrica%2F,https://priveboutique.net/wp-content/uploads/2024/03/423944104_1500714000851573_398604554455747561_n.jpg,299,,0,0
PriveBoutique.net,"Cu volane","Prive Boutique",77053,"Russian Gold & Pink",//profitshare.ro/lps/25q/K79/?redirect=https%3A%2F%2Fpriveboutique.net%2Fcu-volane%2Frussian-gold-pink%2F,https://priveboutique.net/wp-content/uploads/2024/03/423147540_412365467845465_1399372779908476967_n.jpg,299,,0,0
PriveBoutique.net,"Cu volane","Prive Boutique",77244,"Lemon Dress",//profitshare.ro/lps/25q/K79/?redirect=https%3A%2F%2Fpriveboutique.net%2Fcu-volane%2Flemon-dress%2F,https://priveboutique.net/wp-content/uploads/2024/03/423062828_1749244115581696_4552431590093955857_n.jpg,349,,0,0
PriveBoutique.net,"Cu volane","Prive Boutique",77264,"Blue dress",//profitshare.ro/lps/25q/K79/?redirect=https%3A%2F%2Fpriveboutique.net%2Frochii-cu-imprimeu%2Fblue-dress%2F,https://priveboutique.net/wp-content/uploads/2024/03/423147304_711983851041981_3330318973568446235_n.jpg,489,,0,0
PriveBoutique.net,"Cu volane","Prive Boutique",77931,"Red Russian Dress",//profitshare.ro/lps/25q/K79/?redirect=https%3A%2F%2Fpriveboutique.net%2Fcu-volane%2Fred-russian-dress%2F,https://priveboutique.net/wp-content/uploads/2024/04/Red-Russian-Dress.jpg,389,,0,0
PriveBoutique.net,rochii,"Prive Boutique",77940,"Flower Dress",//profitshare.ro/lps/25q/K79/?redirect=https%3A%2F%2Fpriveboutique.net%2Frochii-mulate%2Fflower-dress%2F,https://priveboutique.net/wp-content/uploads/2024/04/Flower-dress-3.jpg,549,,0,0
PriveBoutique.net,"Cu volane","Prive Boutique",78015,"Revenge Dress",//profitshare.ro/lps/25q/K79/?redirect=https%3A%2F%2Fpriveboutique.net%2Fcu-volane%2Frevenge-dress%2F,https://priveboutique.net/wp-content/uploads/2024/04/Revenge-dress-8-1.jpg,469,,0,0
PriveBoutique.net,rochii,"Prive Boutique",78032,"Angel Dress",//profitshare.ro/lps/25q/K79/?redirect=https%3A%2F%2Fpriveboutique.net%2Frochii-mulate%2Fangel-dress%2F,https://priveboutique.net/wp-content/uploads/2024/04/Angel-dress-1.jpg,399,,0,0
PriveBoutique.net,"Cu volane","Prive Boutique",78044,"Belle Dress",//profitshare.ro/lps/25q/K79/?redirect=https%3A%2F%2Fpriveboutique.net%2Fcu-volane%2Fbelle-dress%2F,https://priveboutique.net/wp-content/uploads/2024/04/Belle-dress-2.jpg,489,,0,0
PriveBoutique.net,rochii,"Prive Boutique",78042,"Scandal dress",//profitshare.ro/lps/25q/K79/?redirect=https%3A%2F%2Fpriveboutique.net%2Frochii-mulate%2Fscandal-dress%2F,https://priveboutique.net/wp-content/uploads/2024/04/Scandal-Dress-2.jpg,379,,0,0
PriveBoutique.net,rochii,"Prive Boutique",78566,"Imperial Cape",//profitshare.ro/lps/25q/K79/?redirect=https%3A%2F%2Fpriveboutique.net%2Frochii%2Fimperial-cape%2F,https://priveboutique.net/wp-content/uploads/2024/04/448579094_1136138494279074_4203381078254340314_n.jpg,349,,0,0
PriveBoutique.net,"Cu volane","Prive Boutique",79353,"Temptation dress",//profitshare.ro/lps/25q/K79/?redirect=https%3A%2F%2Fpriveboutique.net%2Fcu-volane%2Ftemptation-dress%2F,https://priveboutique.net/wp-content/uploads/2024/05/434412939_397418333086199_6890733401866402272_n-1-scaled.jpg,449,,0,0
